{
  "case_classification_rules": [
    {
      "comment": "Patient details",
      "rule": {
        "type": "event",
        "fields": [
          {
            "field": "eventType",
            "field_value": "patient_registration",
            "creates_case": [
              "rdt_patients"
            ]
          }
        ]
      }
    },
    {
      "comment": "RDT test info",
      "rule": {
        "type": "event",
        "fields": [
          {
            "field": "eventType",
            "field_value": "rdt_test",
            "creates_case": [
              "rdt_tests"
            ]
          }
        ]
      }
    },
    {
      "comment": "PCR test info",
      "rule": {
        "type": "event",
        "fields": [
          {
            "field": "eventType",
            "field_value": "pcr_result",
            "creates_case": [
              "pcr_results"
            ]
          }
        ]
      }
    },
    {
      "comment": "Microscopy test info",
      "rule": {
        "type": "event",
        "fields": [
          {
            "field": "eventType",
            "field_value": "microscopy_result",
            "creates_case": [
              "microscopy_results"
            ]
          }
        ]
      }
    }
  ]
}