{
  "bindobjects": [
    {
      "name": "rdt_patients",
      "columns": [
        {
          "column_name": "base_entity_id",
          "type": "Event",
          "json_mapping": {
            "field": "baseEntityId"
          }
        },
        {
          "column_name": "name",
          "type": "Client",
          "json_mapping": {
            "field": "firstName"
          }
        },
        {
          "column_name": "patient_id",
          "type": "Event",
          "json_mapping": {
            "field": "obs.fieldCode",
            "concept": "patient_id"
          }
        },
        {
          "column_name": "age",
          "type": "Event",
          "json_mapping": {
            "field": "obs.fieldCode",
            "concept": "age"
          }
        },
        {
          "column_name": "sex",
          "type": "Client",
          "json_mapping": {
            "field": "gender"
          }
        },
        {
          "column_name": "has_fever",
          "type": "Event",
          "json_mapping": {
            "field": "obs.fieldCode",
            "concept": "had_fever"
          }
        },
        {
          "column_name": "been_treated",
          "type": "Event",
          "json_mapping": {
            "field": "obs.fieldCode",
            "concept": "been_treated"
          }
        },
        {
          "column_name": "occupation",
          "type": "Event",
          "json_mapping": {
            "field": "obs.fieldCode",
            "concept": "patient_occupation"
          }
        },
        {
          "column_name": "is_headaches",
          "type": "Event",
          "json_mapping": {
            "field": "obs.fieldCode",
            "concept": "experienced_abnormal_headaches"
          }
        },
        {
          "column_name": "is_nausea",
          "type": "Event",
          "json_mapping": {
            "field": "obs.fieldCode",
            "concept": "felt_nausea"
          }
        },
        {
          "column_name": "is_vomiting",
          "type": "Event",
          "json_mapping": {
            "field": "obs.fieldCode",
            "concept": "has_vomited"
          }
        },
        {
          "column_name": "is_diarrhoea",
          "type": "Event",
          "json_mapping": {
            "field": "obs.fieldCode",
            "concept": "experienced_diarrhea"
          }
        },
        {
          "column_name": "is_chills",
          "type": "Event",
          "json_mapping": {
            "field": "obs.fieldCode",
            "concept": "experienced_chills"
          }
        },
        {
          "column_name": "is_aches",
          "type": "Event",
          "json_mapping": {
            "field": "obs.fieldCode",
            "concept": "felt_aches"
          }
        },
        {
          "column_name": "is_muscle_pain",
          "type": "Event",
          "json_mapping": {
            "field": "obs.fieldCode",
            "concept": "had_muscle_pain"
          }
        },
        {
          "column_name": "is_chest_pain",
          "type": "Event",
          "json_mapping": {
            "field": "obs.fieldCode",
            "concept": "had_chest_pain"
          }
        },
        {
          "column_name": "is_fatigue",
          "type": "Event",
          "json_mapping": {
            "field": "obs.fieldCode",
            "concept": "felt_abnormal_fatigue"
          }
        },
        {
          "column_name": "is_breathing_problems",
          "type": "Event",
          "json_mapping": {
            "field": "obs.fieldCode",
            "concept": "had_breathing_problems"
          }
        }
      ,
        {
          "column_name": "is_poor_feeding",
          "type": "Event",
          "json_mapping": {
            "field": "obs.fieldCode",
            "concept": "poor_feeding"
          }
        },
        {
          "column_name": "is_coughing",
          "type": "Event",
          "json_mapping": {
            "field": "obs.fieldCode",
            "concept": "coughing"
          }
        },
        {
          "column_name": "is_sprayed",
          "type": "Event",
          "json_mapping": {
            "field": "obs.fieldCode",
            "concept": "sprayed"
          }
        },
        {
          "column_name": "is_endemic",
          "type": "Event",
          "json_mapping": {
            "field": "obs.fieldCode",
            "concept": "lives_in_endemic_area"
          }
        },
        {
          "column_name": "is_travel",
          "type": "Event",
          "json_mapping": {
            "field": "obs.fieldCode",
            "concept": "history_of_visiting_endemic_areas"
          }
        },
        {
          "column_name": "latrine_in_household",
          "type": "Event",
          "json_mapping": {
            "field": "obs.fieldCode",
            "concept": "latrine_in_household"
          }
        },
        {
          "column_name": "running_water_in_household",
          "type": "Event",
          "json_mapping": {
            "field": "obs.fieldCode",
            "concept": "running_water_in_household"
          }
        },
        {
          "column_name": "immunizations_up_to_date",
          "type": "Event",
          "json_mapping": {
            "field": "obs.fieldCode",
            "concept": "immunizations_up_to_date"
          }
        },
        {
          "column_name": "children_under_5",
          "type": "Event",
          "json_mapping": {
            "field": "obs.fieldCode",
            "concept": "children_under_5"
          }
        }
      ]
    },
    {
      "name": "rdt_tests",
      "columns": [
        {
          "column_name": "rdt_id",
          "type": "Event",
          "json_mapping": {
            "field": "obs.fieldCode",
            "concept": "rdt_id"
          }
        },
        {
          "column_name": "base_entity_id",
          "type": "Event",
          "json_mapping": {
            "field": "formSubmissionId"
          }
        },
        {
          "column_name": "provider_id",
          "type": "Event",
          "json_mapping": {
            "field": "providerId"
          }
        },
        {
          "column_name": "patient_id",
          "type": "Event",
          "json_mapping": {
            "field": "baseEntityId"
          }
        },
        {
          "column_name": "captured_exp_date",
          "type": "Event",
          "json_mapping": {
            "field": "obs.fieldCode",
            "concept": "expiration_date_reader"
          }
        },
        {
          "column_name": "manual_exp_date",
          "type": "Event",
          "json_mapping": {
            "field": "obs.fieldCode",
            "concept": "manual_expiration_date"
          }
        },
        {
          "column_name": "full_img_id",
          "type": "Event",
          "json_mapping": {
            "field": "obs.fieldCode",
            "concept": "rdt_capture"
          }
        },
        {
          "column_name": "cropped_img_id",
          "type": "Event",
          "json_mapping": {
            "field": "obs.fieldCode",
            "concept": "cropped_img_id"
          }
        },
        {
          "column_name": "flash_on",
          "type": "Event",
          "json_mapping": {
            "field": "obs.fieldCode",
            "concept": "flash_on"
          }
        },
        {
          "column_name": "cassette_boundary",
          "type": "Event",
          "json_mapping": {
            "field": "obs.fieldCode",
            "concept": "cassette_boundary"
          }
        },
        {
          "column_name": "chw_result",
          "type": "Event",
          "json_mapping": {
            "field": "obs.fieldCode",
            "concept": "chw_result"
          }
        },
        {
          "column_name": "capture_control_result",
          "type": "Event",
          "json_mapping": {
            "field": "obs.fieldCode",
            "concept": "rdt_capture_control_result"
          }
        },
        {
          "column_name": "capture_pv_result",
          "type": "Event",
          "json_mapping": {
            "field": "obs.fieldCode",
            "concept": "rdt_capture_pv_result"
          }
        },
        {
          "column_name": "capture_pf_result",
          "type": "Event",
          "json_mapping": {
            "field": "obs.fieldCode",
            "concept": "rdt_capture_pf_result"
          }
        },
        {
          "column_name": "time_picture_taken",
          "type": "Event",
          "json_mapping": {
            "field": "obs.fieldCode",
            "concept": "time_img_saved"
          }
        },
        {
          "column_name": "time_form_opened",
          "type": "Event",
          "json_mapping": {
            "field": "obs.fieldCode",
            "concept": "163137AAAAAAAAAAAAAAAAAAAAAAAAAAAAAA"
          }
        },
        {
          "column_name": "time_form_closed",
          "type": "Event",
          "json_mapping": {
            "field": "obs.fieldCode",
            "concept": "163138AAAAAAAAAAAAAAAAAAAAAAAAAAAAAA"
          }
        },
        {
          "column_name": "phone_model",
          "type": "Event",
          "json_mapping": {
            "field": "obs.fieldCode",
            "concept": "phone_model"
          }
        },
        {
          "column_name": "phone_manufacturer",
          "type": "Event",
          "json_mapping": {
            "field": "obs.fieldCode",
            "concept": "phone_manufacturer"
          }
        },
        {
          "column_name": "phone_os_version",
          "type": "Event",
          "json_mapping": {
            "field": "obs.fieldCode",
            "concept": "phone_os_version"
          }
        },
        {
          "column_name": "app_version",
          "type": "Event",
          "json_mapping": {
            "field": "obs.fieldCode",
            "concept": "app_version"
          }
        },
        {
          "column_name": "gps_coordinates",
          "type": "Event",
          "json_mapping": {
            "field": "obs.fieldCode",
            "concept": "gps"
          }
        },
        {
          "column_name": "rdt_capture_duration",
          "type": "Event",
          "json_mapping": {
            "field": "obs.fieldCode",
            "concept": "rdt_capture_duration"
          }
        },
        {
          "column_name": "rdt_type",
          "type": "Event",
          "json_mapping": {
            "field": "obs.fieldCode",
            "concept": "rdt_type"
          }
        },
        {
          "column_name": "is_manual_capture",
          "type": "Event",
          "json_mapping": {
            "field": "obs.fieldCode",
            "concept": "is_manual_capture"
          }
        }
      ]
    },
    {
      "name": "pcr_results",
      "columns": [
        {
          "column_name": "base_entity_id",
          "type": "Event",
          "json_mapping": {
            "field": "formSubmissionId"
          }
        },
        {
          "column_name": "rdt_id",
          "type": "Event", "json_mapping": {
          "field": "obs.fieldCode",
          "concept": "rdt_id"
        }
        },
        {
          "column_name": "pcr_result",
          "type": "Event",
          "json_mapping": {
            "field": "obs.fieldCode",
            "concept": "pcr_result"
          }
        },
        {
          "column_name": "pid",
          "type": "Event",
          "json_mapping": {
            "field": "obs.fieldCode",
            "concept": "patient_id"
          }
        },
        {
          "column_name": "target_name",
          "type": "Event",
          "json_mapping": {
            "field": "obs.fieldCode",
            "concept": "target_name"
          }
        },
        {
          "column_name": "patient_base_entity_id",
          "type": "Event",
          "json_mapping": {
            "field": "baseEntityId"
          }
        }
      ]
    },
    {
      "name": "microscopy_results",
      "columns": [
        {
          "column_name": "base_entity_id",
          "type": "Event",
          "json_mapping": {
            "field": "formSubmissionId"
          }
        },
        {
          "column_name": "rdt_id",
          "type": "Event", "json_mapping": {
          "field": "obs.fieldCode",
          "concept": "rdt_id"
        }
        },
        {
          "column_name": "pid",
          "type": "Event",
          "json_mapping": {
            "field": "obs.fieldCode",
            "concept": "patient_id"
          }
        },
        {
          "column_name": "pv",
          "type": "Event",
          "json_mapping": {
            "field": "obs.fieldCode",
            "concept": "pv"
          }
        },
        {
          "column_name": "pf",
          "type": "Event",
          "json_mapping": {
            "field": "obs.fieldCode",
            "concept": "pf"
          }
        },
        {
          "column_name": "pm",
          "type": "Event",
          "json_mapping": {
            "field": "obs.fieldCode",
            "concept": "pm"
          }
        },
        {
          "column_name": "po",
          "type": "Event",
          "json_mapping": {
            "field": "obs.fieldCode",
            "concept": "po"
          }
        },
        {
          "column_name": "pfg",
          "type": "Event",
          "json_mapping": {
            "field": "obs.fieldCode",
            "concept": "pfg"
          }
        },
        {
          "column_name": "patient_base_entity_id",
          "type": "Event",
          "json_mapping": {
            "field": "baseEntityId"
          }
        },
        {
          "column_name": "collection_time",
          "type": "Event",
          "json_mapping": {
            "field": "obs.fieldCode",
            "concept": "collection_time"
          }
        },
        {
          "column_name": "reading_date",
          "type": "Event",
          "json_mapping": {
            "field": "obs.fieldCode",
            "concept": "reading_date"
          }
        }
      ]
    }
  ]
}