{
  "rdt_expired_page": "step6",
  "blot_paper_task_page": "step9",
  "disabled_back_press_pages" : [
    "step6",
    "step13",
    "step14"
  ],
  "manual_entry_expiration_page": "step20",
  "rdt_id_key": "rdt_id",
  "expiration_date_reader_address": "step4:expiration_date_reader",
  "rdt_id_lbl_addresses": [
    "step7:lbl_rdt_id",
    "step8:lbl_rdt_id",
    "step9:lbl_rdt_id",
    "step18:lbl_rdt_id",
    "step19:lbl_rdt_id"
  ],
  "scan_qr_page": "step5",
  "scan_carestart_page": "step4",
  "twenty_min_countdown_timer_page": "step13",
  "take_image_of_rdt_page": "step15"
}