{
  "count": "1",
  "encounter_type": "patient_registration",
  "entity_id": "",
  "metadata": {
    "start": {
      "openmrs_entity_parent": "",
      "openmrs_entity": "concept",
      "openmrs_data_type": "start",
      "openmrs_entity_id": "163137AAAAAAAAAAAAAAAAAAAAAAAAAAAAAA"
    },
    "end": {
      "openmrs_entity_parent": "",
      "openmrs_entity": "concept",
      "openmrs_data_type": "end",
      "openmrs_entity_id": "163138AAAAAAAAAAAAAAAAAAAAAAAAAAAAAA"
    },
    "today": {
      "openmrs_entity_parent": "",
      "openmrs_entity": "encounter",
      "openmrs_entity_id": "encounter_date"
    },
    "deviceid": {
      "openmrs_entity_parent": "",
      "openmrs_entity": "concept",
      "openmrs_data_type": "deviceid",
      "openmrs_entity_id": "163149AAAAAAAAAAAAAAAAAAAAAAAAAAAAAA"
    },
    "subscriberid": {
      "openmrs_entity_parent": "",
      "openmrs_entity": "concept",
      "openmrs_data_type": "subscriberid",
      "openmrs_entity_id": "163150AAAAAAAAAAAAAAAAAAAAAAAAAAAAAA"
    },
    "simserial": {
      "openmrs_entity_parent": "",
      "openmrs_entity": "concept",
      "openmrs_data_type": "simserial",
      "openmrs_entity_id": "163151AAAAAAAAAAAAAAAAAAAAAAAAAAAAAA"
    },
    "phonenumber": {
      "openmrs_entity_parent": "",
      "openmrs_entity": "concept",
      "openmrs_data_type": "phonenumber",
      "openmrs_entity_id": "163152AAAAAAAAAAAAAAAAAAAAAAAAAAAAAA"
    },
    "encounter_location": ""
  },
  "step1": {
    "title": "New client record",
    "display_back_button": "true",
    "previous_label": "SAVE AND EXIT",
    "bottom_navigation": "true",
    "bottom_navigation_orientation": "vertical",
    "next_type": "submit",
    "submit_label": "SAVE",
    "next_form": "json.form/patient-registration-form.json",
    "fields": [
      {
        "key": "patient_name_label",
        "type": "label",
        "text": "Name",
        "text_color": "#000000"
      },
      {
        "key": "patient_name",
        "openmrs_entity_parent": "",
        "openmrs_entity": "person",
        "openmrs_entity_id": "first_name",
        "type": "edit_text",
        "edit_type": "name"
      },
      {
        "key": "patient_id_label",
        "type": "label",
        "text": "Patient ID",
        "text_color": "#000000"
      },
      {
        "key": "patient_id",
        "openmrs_entity_parent": "",
        "openmrs_entity": "",
        "openmrs_entity_id": "",
        "type": "edit_text",
        "v_required": {
          "value": "true",
          "err": "Please enter patient ID"
        }
      },
      {
        "key": "sex",
        "openmrs_entity_parent": "",
        "openmrs_entity": "person",
        "openmrs_entity_id": "gender",
        "type": "native_radio",
        "label": "Gender",
        "options": [
          {
            "key": "Female",
            "text": "Female"
          },
          {
            "key": "Male",
            "text": "Male"
          }
        ],
        "v_required": {
          "value": "true",
          "err": "Please specify gender"
        }
      },
      {
        "key": "patient_dob",
        "openmrs_entity_parent": "",
        "openmrs_entity": "person_attribute",
        "openmrs_entity_id": "birthdate",
        "type": "date_picker",
        "hint": "Patient's date of birth ",
        "expanded": false,
        "duration": {
          "label": "Age"
        },
        "min_date": "today-100y",
        "max_date": "today"
      },
      {
        "key": "age",
        "openmrs_entity_parent": "",
        "openmrs_entity": "",
        "openmrs_entity_id": "",
        "type": "hidden",
        "value": "",
        "calculation": {
          "rules-engine": {
            "ex-rules": {
              "rules-file": "conditional_save_calculation_rules.yml"
            }
          }
        }
      },
      {
        "key": "patient_occupation_label",
        "type": "label",
        "text": "Occupation",
        "text_color": "#000000"
      },
      {
        "key": "patient_occupation",
        "openmrs_entity_parent": "",
        "openmrs_entity": "",
        "openmrs_entity_id": "",
        "type": "edit_text",
        "v_required": {
          "value": "false",
          "err": ""
        }
      },
      {
        "key": "skip_diagnostic_questions",
        "openmrs_entity_parent": "",
        "openmrs_entity": "",
        "openmrs_entity_id": "",
        "type": "check_box",
        "options": [
          {
            "key": "skip_questions",
            "text": "Skip diagnostic questions",
            "value": "true"
          }
        ]
      },
      {
        "key": "been_treated",
        "openmrs_entity_parent": "",
        "openmrs_entity": "",
        "openmrs_entity_id": "",
        "type": "native_radio",
        "label": "Has been treated for malaria in the past 3 months?",
        "options": [
          {
            "key": "Yes",
            "text": "Yes"
          },
          {
            "key": "No",
            "text": "No"
          },
          {
            "key": "not_answered",
            "text": "Not Answered"
          }
        ],
        "value": "not_answered",
        "v_required": {
          "value": "true",
          "err": "Has the patient been treated for malaria in the past 3 months?"
        },
        "relevance": {
          "step1:skip_diagnostic_questions": {
            "type": "string",
            "ex": "equalTo(., \"false\")"
          }
        }
      },
      {
        "key": "had_malaria",
        "openmrs_entity_parent": "",
        "openmrs_entity": "",
        "openmrs_entity_id": "",
        "type": "native_radio",
        "label": "Had malaria in the past year?",
        "options": [
          {
            "key": "Yes",
            "text": "Yes"
          },
          {
            "key": "No",
            "text": "No"
          },
          {
            "key": "not_answered",
            "text": "Not Answered"
          }
        ],
        "value": "not_answered",
        "v_required": {
          "value": "true",
          "err": "Has patient had malaria in the past year?"
        },
        "relevance": {
          "step1:skip_diagnostic_questions": {
            "type": "string",
            "ex": "equalTo(., \"false\")"
          }
        }
      },
      {
        "key": "had_fever",
        "openmrs_entity_parent": "",
        "openmrs_entity": "",
        "openmrs_entity_id": "",
        "type": "native_radio",
        "label": "Had a fever (temperature ≥ 37.5°C) in the past 3 days?",
        "options": [
          {
            "key": "Yes",
            "text": "Yes"
          },
          {
            "key": "No",
            "text": "No"
          },
          {
            "key": "not_answered",
            "text": "Not Answered"
          }
        ],
        "value": "not_answered",
        "v_required": {
          "value": "true",
          "err": "Has the patient had a fever (temperature ≥ 37.5°C) in the past 3 days?"
        },
        "relevance": {
          "step1:skip_diagnostic_questions": {
            "type": "string",
            "ex": "equalTo(., \"false\")"
          }
        }
      },
      {
        "key": "experienced_abnormal_headaches",
        "openmrs_entity_parent": "",
        "openmrs_entity": "",
        "openmrs_entity_id": "",
        "type": "native_radio",
        "label": "Experienced abnormal headaches in the past 48 hours?",
        "options": [
          {
            "key": "Yes",
            "text": "Yes"
          },
          {
            "key": "No",
            "text": "No"
          },
          {
            "key": "not_answered",
            "text": "Not Answered"
          }
        ],
        "value": "not_answered",
        "v_required": {
          "value": "true",
          "err": "Has the patient experienced abnormal headaches in the 48 hours?"
        },
        "relevance": {
          "step1:skip_diagnostic_questions": {
            "type": "string",
            "ex": "equalTo(., \"false\")"
          }
        }
      },
      {
        "key": "felt_nausea",
        "openmrs_entity_parent": "",
        "openmrs_entity": "",
        "openmrs_entity_id": "",
        "type": "native_radio",
        "label": "Felt nausea in the past 48 hours?",
        "options": [
          {
            "key": "Yes",
            "text": "Yes"
          },
          {
            "key": "No",
            "text": "No"
          },
          {
            "key": "not_answered",
            "text": "Not Answered"
          }
        ],
        "value": "not_answered",
        "v_required": {
          "value": "true",
          "err": "Has the patient felt nausea in the past 48 hours?"
        },
        "relevance": {
          "step1:skip_diagnostic_questions": {
            "type": "string",
            "ex": "equalTo(., \"false\")"
          }
        }
      },
      {
        "key": "has_vomited",
        "openmrs_entity_parent": "",
        "openmrs_entity": "",
        "openmrs_entity_id": "",
        "type": "native_radio",
        "label": "Has vomited in the past 48 hours?",
        "options": [
          {
            "key": "Yes",
            "text": "Yes"
          },
          {
            "key": "No",
            "text": "No"
          },
          {
            "key": "not_answered",
            "text": "Not Answered"
          }
        ],
        "value": "not_answered",
        "v_required": {
          "value": "true",
          "err": "Has the patient vomited in the past 48 hours?"
        },
        "relevance": {
          "step1:skip_diagnostic_questions": {
            "type": "string",
            "ex": "equalTo(., \"false\")"
          }
        }
      },
      {
        "key": "experienced_diarrhea",
        "openmrs_entity_parent": "",
        "openmrs_entity": "",
        "openmrs_entity_id": "",
        "type": "native_radio",
        "label": "Has experienced diarrhea in the past 48 hours?",
        "options": [
          {
            "key": "Yes",
            "text": "Yes"
          },
          {
            "key": "No",
            "text": "No"
          },
          {
            "key": "not_answered",
            "text": "Not Answered"
          }
        ],
        "value": "not_answered",
        "v_required": {
          "value": "true",
          "err": "Has the patient experienced diarrhea in the past 48 hours?"
        },
        "relevance": {
          "step1:skip_diagnostic_questions": {
            "type": "string",
            "ex": "equalTo(., \"false\")"
          }
        }
      },
      {
        "key": "experienced_chills",
        "openmrs_entity_parent": "",
        "openmrs_entity": "",
        "openmrs_entity_id": "",
        "type": "native_radio",
        "label": "Has experienced chills in the past 48 hours?",
        "options": [
          {
            "key": "Yes",
            "text": "Yes"
          },
          {
            "key": "No",
            "text": "No"
          },
          {
            "key": "not_answered",
            "text": "Not Answered"
          }
        ],
        "value": "not_answered",
        "v_required": {
          "value": "true",
          "err": "Has the patient experienced chills in the past 48 hours?"
        },
        "relevance": {
          "step1:skip_diagnostic_questions": {
            "type": "string",
            "ex": "equalTo(., \"false\")"
          }
        }
      },
      {
        "key": "felt_aches",
        "openmrs_entity_parent": "",
        "openmrs_entity": "",
        "openmrs_entity_id": "",
        "type": "native_radio",
        "label": "Has felt body aches in the past 48 hours?",
        "options": [
          {
            "key": "Yes",
            "text": "Yes"
          },
          {
            "key": "No",
            "text": "No"
          },
          {
            "key": "not_answered",
            "text": "Not Answered"
          }
        ],
        "value": "not_answered",
        "v_required": {
          "value": "true",
          "err": "Has the patient felt body aches in the past 48 hours?"
        },
        "relevance": {
          "step1:skip_diagnostic_questions": {
            "type": "string",
            "ex": "equalTo(., \"false\")"
          }
        }
      },
      {
        "key": "had_muscle_pain",
        "openmrs_entity_parent": "",
        "openmrs_entity": "",
        "openmrs_entity_id": "",
        "type": "native_radio",
        "label": "Had muscle pain in the past 48 hours?",
        "options": [
          {
            "key": "Yes",
            "text": "Yes"
          },
          {
            "key": "No",
            "text": "No"
          },
          {
            "key": "not_answered",
            "text": "Not Answered"
          }
        ],
        "value": "not_answered",
        "v_required": {
          "value": "true",
          "err": "Has the patient had muscle pain in the  past 48 hours?"
        },
        "relevance": {
          "step1:skip_diagnostic_questions": {
            "type": "string",
            "ex": "equalTo(., \"false\")"
          }
        }
      },
      {
        "key": "had_chest_pain",
        "openmrs_entity_parent": "",
        "openmrs_entity": "",
        "openmrs_entity_id": "",
        "type": "native_radio",
        "label": "Had chest pain in the past 48 hours?",
        "options": [
          {
            "key": "Yes",
            "text": "Yes"
          },
          {
            "key": "No",
            "text": "No"
          },
          {
            "key": "not_answered",
            "text": "Not Answered"
          }
        ],
        "value": "not_answered",
        "v_required": {
          "value": "true",
          "err": "Has the patient had chest pain in the  past 48 hours?"
        },
        "relevance": {
          "step1:skip_diagnostic_questions": {
            "type": "string",
            "ex": "equalTo(., \"false\")"
          }
        }
      },
      {
        "key": "felt_abnormal_fatigue",
        "openmrs_entity_parent": "",
        "openmrs_entity": "",
        "openmrs_entity_id": "",
        "type": "native_radio",
        "label": "Has felt abnormal fatigue in the past 48 hours?",
        "options": [
          {
            "key": "Yes",
            "text": "Yes"
          },
          {
            "key": "No",
            "text": "No"
          },
          {
            "key": "not_answered",
            "text": "Not Answered"
          }
        ],
        "value": "not_answered",
        "v_required": {
          "value": "true",
          "err": "Has the patient felt abnormal fatigue in the past 48 hours?"
        },
        "relevance": {
          "step1:skip_diagnostic_questions": {
            "type": "string",
            "ex": "equalTo(., \"false\")"
          }
        }
      },
      {
        "key": "had_breathing_problems",
        "openmrs_entity_parent": "",
        "openmrs_entity": "",
        "openmrs_entity_id": "",
        "type": "native_radio",
        "label": "Had breathing problems in the past 48 hours?",
        "options": [
          {
            "key": "Yes",
            "text": "Yes"
          },
          {
            "key": "No",
            "text": "No"
          },
          {
            "key": "not_answered",
            "text": "Not Answered"
          }
        ],
        "value": "not_answered",
        "v_required": {
          "value": "true",
          "err": "Has the patient had breathing problems in the  past 48 hours?"
        },
        "relevance": {
          "step1:skip_diagnostic_questions": {
            "type": "string",
            "ex": "equalTo(., \"false\")"
          }
        }
      },
      {
        "key": "poor_feeding",
        "openmrs_entity_parent": "",
        "openmrs_entity": "",
        "openmrs_entity_id": "",
        "type": "native_radio",
        "label": "Poor feeding been seen in the past 3 days?",
        "options": [
          {
            "key": "Yes",
            "text": "Yes"
          },
          {
            "key": "No",
            "text": "No"
          },
          {
            "key": "not_answered",
            "text": "Not Answered"
          }
        ],
        "value": "not_answered",
        "v_required": {
          "value": "true",
          "err": "Has poor feeding been seen in the past 3 days?"
        },
        "relevance": {
          "rules-engine": {
            "ex-rules": {
              "rules-file": "patient_registration_relevance_rules.yml"
            }
          }
        }
      },
      {
        "key": "coughing",
        "openmrs_entity_parent": "",
        "openmrs_entity": "",
        "openmrs_entity_id": "",
        "type": "native_radio",
        "label": "Child coughing in the past 3 days?",
        "options": [
          {
            "key": "Yes",
            "text": "Yes"
          },
          {
            "key": "No",
            "text": "No"
          },
          {
            "key": "not_answered",
            "text": "Not Answered"
          }
        ],
        "value": "not_answered",
        "v_required": {
          "value": "true",
          "err": "Has the child been coughing in the past 3 days?"
        },
        "relevance": {
          "rules-engine": {
            "ex-rules": {
              "rules-file": "patient_registration_relevance_rules.yml"
            }
          }
        }
      },
      {
        "key": "anyone_else_diagnosed",
        "openmrs_entity_parent": "",
        "openmrs_entity": "",
        "openmrs_entity_id": "",
        "type": "native_radio",
        "label": "Anyone else in the household diagnosed with malaria in the past 3 months?",
        "options": [
          {
            "key": "Yes",
            "text": "Yes"
          },
          {
            "key": "No",
            "text": "No"
          },
          {
            "key": "not_answered",
            "text": "Not Answered"
          }
        ],
        "value": "not_answered",
        "v_required": {
          "value": "true",
          "err": "Has anyone else in the household been diagnosed with malaria in the past 3 months?"
        },
        "relevance": {
          "step1:skip_diagnostic_questions": {
            "type": "string",
            "ex": "equalTo(., \"false\")"
          }
        }
      },
      {
        "key": "sprayed",
        "openmrs_entity_parent": "",
        "openmrs_entity": "",
        "openmrs_entity_id": "",
        "type": "native_radio",
        "label": "Was household/compound sprayed in the past 3 months?",
        "options": [
          {
            "key": "Yes",
            "text": "Yes"
          },
          {
            "key": "No",
            "text": "No"
          },
          {
            "key": "not_answered",
            "text": "Not Answered"
          }
        ],
        "value": "not_answered",
        "v_required": {
          "value": "true",
          "err": "Was the household/compound sprayed in the past 3 months?"
        },
        "relevance": {
          "step1:skip_diagnostic_questions": {
            "type": "string",
            "ex": "equalTo(., \"false\")"
          }
        }
      },
      {
        "key": "lives_in_endemic_area",
        "openmrs_entity_parent": "",
        "openmrs_entity": "",
        "openmrs_entity_id": "",
        "type": "native_radio",
        "label": "Lives in Malaria endemic area?",
        "options": [
          {
            "key": "Yes",
            "text": "Yes"
          },
          {
            "key": "No",
            "text": "No"
          },
          {
            "key": "not_answered",
            "text": "Not Answered"
          }
        ],
        "value": "not_answered",
        "v_required": {
          "value": "true",
          "err": "Does the patient live in a Malaria endemic area?"
        },
        "relevance": {
          "step1:skip_diagnostic_questions": {
            "type": "string",
            "ex": "equalTo(., \"false\")"
          }
        }
      },
      {
        "key": "history_of_visiting_endemic_areas",
        "openmrs_entity_parent": "",
        "openmrs_entity": "",
        "openmrs_entity_id": "",
        "type": "native_radio",
        "label": "Does the patient have a history of visiting Malaria endemic areas?",
        "options": [
          {
            "key": "Yes",
            "text": "Yes"
          },
          {
            "key": "No",
            "text": "No"
          },
          {
            "key": "not_answered",
            "text": "Not Answered"
          }
        ],
        "value": "not_answered",
        "v_required": {
          "value": "true",
          "err": "Does the patient have a history of visiting Malaria endemic areas?"
        },
        "relevance": {
          "rules-engine": {
            "ex-rules": {
              "rules-file": "patient_registration_relevance_rules.yml"
            }
          }
        }
      },
      {
        "key": "sleeps_under_bednet",
        "openmrs_entity_parent": "",
        "openmrs_entity": "",
        "openmrs_entity_id": "",
        "type": "native_radio",
        "label": "Sleeps under a bednet?",
        "options": [
          {
            "key": "Yes",
            "text": "Yes"
          },
          {
            "key": "No",
            "text": "No"
          },
          {
            "key": "not_answered",
            "text": "Not Answered"
          }
        ],
        "value": "not_answered",
        "v_required": {
          "value": "true",
          "err": "Does the patient sleep under a bednet?"
        },
        "relevance": {
          "step1:skip_diagnostic_questions": {
            "type": "string",
            "ex": "equalTo(., \"false\")"
          }
        }
      },
      {
        "key": "conditional_save",
        "openmrs_entity_parent": "",
        "openmrs_entity": "",
        "openmrs_entity_id": "conditional_save",
        "type": "hidden",
        "calculation": {
          "rules-engine": {
            "ex-rules": {
              "rules-file": "conditional_save_calculation_rules.yml"
            }
          }
        },
        "relevance": {
          "step1:skip_diagnostic_questions": {
            "type": "string",
            "ex": "equalTo(., \"false\")"
          }
        }
      }
    ]
  }
}