{
  "count": "20",
  "encounter_type": "rdt_test",
  "entity_id": "",
  "metadata": {
    "start": {
      "openmrs_entity_parent": "",
      "openmrs_entity": "concept",
      "openmrs_data_type": "start",
      "openmrs_entity_id": "163137AAAAAAAAAAAAAAAAAAAAAAAAAAAAAA"
    },
    "end": {
      "openmrs_entity_parent": "",
      "openmrs_entity": "concept",
      "openmrs_data_type": "end",
      "openmrs_entity_id": "163138AAAAAAAAAAAAAAAAAAAAAAAAAAAAAA"
    },
    "today": {
      "openmrs_entity_parent": "",
      "openmrs_entity": "encounter",
      "openmrs_entity_id": "encounter_date"
    },
    "deviceid": {
      "openmrs_entity_parent": "",
      "openmrs_entity": "concept",
      "openmrs_data_type": "deviceid",
      "openmrs_entity_id": "163149AAAAAAAAAAAAAAAAAAAAAAAAAAAAAA"
    },
    "subscriberid": {
      "openmrs_entity_parent": "",
      "openmrs_entity": "concept",
      "openmrs_data_type": "subscriberid",
      "openmrs_entity_id": "163150AAAAAAAAAAAAAAAAAAAAAAAAAAAAAA"
    },
    "simserial": {
      "openmrs_entity_parent": "",
      "openmrs_entity": "concept",
      "openmrs_data_type": "simserial",
      "openmrs_entity_id": "163151AAAAAAAAAAAAAAAAAAAAAAAAAAAAAA"
    },
    "phonenumber": {
      "openmrs_entity_parent": "",
      "openmrs_entity": "concept",
      "openmrs_data_type": "phonenumber",
      "openmrs_entity_id": "163152AAAAAAAAAAAAAAAAAAAAAAAAAAAAAA"
    },
    "encounter_location": ""
  },
  "step1": {
    "title": "Find location",
    "next": "step2",
    "display_back_button": "true",
    "fields": [
      {
        "key": "gps",
        "type": "gps",
        "openmrs_entity_parent": "",
        "openmrs_entity": "",
        "openmrs_entity_id": ""
      }
    ]
  },
  "step2": {
    "title": "RDT",
    "display_back_button": "true",
    "next": "step3",
    "bottom_navigation" : "true",
    "bottom_navigation_orientation": "vertical",
    "next_label": "RDT",
    "fields": [
      {
        "key": "lbl_patient_name",
        "type": "label",
        "text_color": "#000000",
        "text_size": "10sp",
        "label_text_style": "bold",
        "top_margin": "15dp",
        "has_bg": true,
        "bg_color": "#ffffff",
        "center_label": "true"
      },
      {
        "key": "lbl_patient_gender_and_id",
        "type": "label",
        "text_color": "#000000",
        "text_size": "8sp",
        "top_margin": "15dp",
        "has_bg": true,
        "bg_color": "#ffffff",
        "center_label": "true"
      }
    ]
  },
  "step3": {
    "title": "RDT",
    "display_back_button": "true",
    "next": "step4",
    "fields": [
      {
        "key": "lbl_which_rdt",
        "type": "label",
        "text": "Which RDT?",
        "text_color": "#000000",
        "text_size": "10sp",
        "label_text_style": "bold",
        "top_margin": "15dp",
        "has_bg": true,
        "bg_color": "#ffffff"
      },
      {
        "key": "lbl_scan_qr_code",
        "type": "label",
        "text": "Scan QR Code",
        "text_color": "#000000",
        "top_margin": "15dp",
        "has_bg": true,
        "has_drawable_end": true,
        "bg_color": "#ffffff"
      },
      {
        "key": "lbl_care_start",
        "type": "label",
        "text": "Scan Carestart Exp. Date",
        "top_margin": "30dp",
        "text_color": "#000000",
        "has_bg": true,
        "has_drawable_end": true,
        "bg_color": "#ffffff"
      }
    ]
  },
  "step4": {
    "title": "RDT",
    "display_back_button": "true",
    "next": "step7",
    "fields": [
      {
        "key": "expiration_date_reader",
        "openmrs_entity_parent": "",
        "openmrs_entity": "",
        "openmrs_entity_id": "",
        "type": "expiration_date_capture",
        "v_required": {
          "value": "true",
          "err": "Please enter the RDT ID"
        }
      }
    ]
  },
  "step5": {
    "title": "RDT",
    "display_back_button": "true",
    "next": "step7",
    "fields": [
      {
        "key": "qr_code_reader",
        "openmrs_entity_parent": "",
        "openmrs_entity": "",
        "openmrs_entity_id": "",
        "type": "barcode",
        "barcode_type": "qrcode",
        "hint": "RDT ID *",
        "scanButtonText": "Scan QR Code",
        "value": "0",
        "v_numeric": {
          "value": "true",
          "err": "Please enter a valid ID"
        },
        "v_required": {
          "value": "true",
          "err": "Please enter the RDT ID"
        }
      },
      {
        "key": "rdt_id",
        "openmrs_entity_parent": "",
        "openmrs_entity": "",
        "openmrs_entity_id": "",
        "type": "hidden"
      }
    ]
  },
  "step6": {
    "title": "RDT",
    "display_back_button": "true",
    "next": "step3",
    "bottom_navigation": "true",
    "next_label": "OK",
    "fields": [
      {
        "key": "lbl_rdt_expired",
        "type": "label",
        "text_color": "#000000",
        "text_size": "10sp",
        "label_text_style": "bold",
        "top_margin": "15dp",
        "has_bg": true,
        "bg_color": "#ffffff",
        "center_label": "true",
        "text": "RDT has expired"
      },
      {
        "key": "lbl_use_new_test",
        "type": "label",
        "text_color": "#000000",
        "text_size": "8sp",
        "top_margin": "15dp",
        "has_bg": true,
        "bg_color": "#ffffff",
        "center_label": "true",
        "text": "Use new test and rescan"
      }
    ]
  },
  "step7": {
    "title": "RDT",
    "display_back_button": "true",
    "next": "step8",
    "bottom_navigation": "true",
    "bottom_navigation_orientation": "vertical",
    "next_label": "CONTINUE TO MICROSCOPY",
    "fields": [
      {
        "key": "lbl_rdt_id",
        "type": "label",
        "text_color": "#000000",
        "text_size": "12sp",
        "label_text_style": "bold",
        "top_margin": "15dp",
        "has_bg": true,
        "bg_color": "#ffffff"
      },
      {
        "key": "lbl_record_rdt_id",
        "type": "label",
        "text_color": "#000000",
        "text_size": "10sp",
        "top_margin": "15dp",
        "has_bg": true,
        "bg_color": "#ffffff",
        "text": "Write this number on back of RDT."
      }
    ]
  },
  "step8": {
    "title": "RDT",
    "display_back_button": "true",
    "next": "step9",
    "bottom_navigation": "true",
    "bottom_navigation_orientation": "vertical",
    "next_label": "MICROSCOPY SLIDE COMPLETE",
    "fields": [
      {
        "key": "lbl_microscopy_slide_instruction",
        "type": "label",
        "text_color": "#000000",
        "text_size": "10sp",
        "top_margin": "15dp",
        "has_bg": true,
        "bg_color": "#ffffff",
        "text": "Collect Thick and Thin Bloodsmear on Microscopy Slide"
      },
      {
        "key": "lbl_microscopy_slide",
        "type": "label",
        "text_color": "#000000",
        "text_size": "10sp",
        "top_margin": "15dp",
        "has_bg": true,
        "bg_color": "#ffffff",
        "text": "Label slide with:"
      },
      {
        "key": "lbl_rdt_id",
        "type": "label",
        "text_color": "#000000",
        "text_size": "12sp",
        "top_margin": "15dp",
        "has_bg": true,
        "bg_color": "#ffffff",
        "label_text_style": "bold"
      }
    ]
  },
  "step9": {
    "title": "RDT",
    "display_back_button": "true",
    "next": "step10",
    "bottom_navigation": "true",
    "bottom_navigation_orientation": "vertical",
    "next_label": "BLOT PAPER COMPLETE",
    "fields": [
      {
        "key": "lbl_blot_paper_instructions",
        "type": "label",
        "text_color": "#000000",
        "text_size": "10sp",
        "top_margin": "15dp",
        "has_bg": true,
        "bg_color": "#ffffff",
        "text": "Saturate the Filter Paper Bloodspot Circle"
      },
      {
        "key": "lbl_blot_paper",
        "type": "label",
        "text_color": "#000000",
        "text_size": "10sp",
        "top_margin": "15dp",
        "has_bg": true,
        "bg_color": "#ffffff",
        "text": "Place Bloodspot in a labeled tube with ID number displayed. Do Not Close top of Bloodspot until dry."
      },
      {
        "key": "lbl_rdt_id",
        "type": "label",
        "text_color": "#000000",
        "text_size": "12sp",
        "top_margin": "15dp",
        "has_bg": true,
        "bg_color": "#ffffff",
        "label_text_style": "bold"
      }
    ]
  },
  "step10": {
    "title": "RDT",
    "display_back_button": "true",
    "next": "step11",
    "bottom_navigation": "true",
    "bottom_navigation_orientation": "vertical",
    "next_type": "next",
    "next_label": "CONTINUE",
    "fields": [
      {
        "openmrs_entity_parent": "",
        "openmrs_entity": "",
        "openmrs_entity_id": "",
        "key": "illustration_text_description",
        "type": "image_view",
        "text": "Collect the blood sample (5㎕) using a pipette provided or micropipette.",
        "label_text_size": "18sp",
        "text_color": "#000000",
        "image_file": "collect_blood_sample.jpg"
      }
    ]
  },
  "step11": {
    "title": "RDT",
    "next": "step12",
    "display_back_button": "true",
    "bottom_navigation": "true",
    "bottom_navigation_orientation": "vertical",
    "next_type": "next",
    "next_label": "CONTINUE",
    "fields": [
      {
        "openmrs_entity_parent": "",
        "openmrs_entity": "",
        "openmrs_entity_id": "",
        "key": "add_blood",
        "type": "image_view",
        "text": "Add 5 ㎕ of whole blood into the 'S' well.",
        "label_text_size": "18sp",
        "text_color": "#000000",
        "image_file": "add_blood.jpg"
      }
    ]
  },
  "step12": {
    "title": "RDT",
    "next": "step13",
    "display_back_button": "true",
    "bottom_navigation": "true",
    "bottom_navigation_orientation": "vertical",
    "next_type": "next",
    "next_label": "START 20 MINUTE TIMER",
    "fields": [
      {
        "openmrs_entity_parent": "",
        "openmrs_entity": "",
        "openmrs_entity_id": "",
        "key": "add_buffer_solution",
        "type": "image_view",
        "text": "Add 60 ㎕ assay buffer solution (3 drops for vial type or 2 drops for bottle type) into the \"A\" well.\nStart a timer.",
        "label_text_size": "18sp",
        "text_color": "#000000",
        "image_file": "add_buffer_solution.jpg"
      }
    ]
  },
  "step13": {
    "title": "RDT Timer",
    "next": "step14",
    "bottom_navigation": "true",
    "bottom_navigation_orientation": "vertical",
    "next_type": "next",
    "next_label": "TAKE IMAGE OF RDT",
    "fields": [
      {
        "key": "countdown_timer",
        "openmrs_entity_parent": "",
        "openmrs_entity": "",
        "openmrs_entity_id": "timer",
        "type": "countdown_timer",
        "label": "Read results in 20 minutes.",
        "label_text_size": "8sp",
        "label_text_color": "#525252",
        "countdown_time_unit": "minutes",
        "countdown_time_value": "20",
        "countdown_interval": "1",
        "progressbar_background_color": "#e2e2e2",
        "progressbar_color": "#E9D61E",
        "progressbar_text_color": "#505050"
      }
    ]
  },
  "step14": {
    "title": "RDT Result Ready",
    "next": "step16",
    "bottom_navigation": "true",
    "bottom_navigation_orientation": "vertical",
    "next_type": "next",
    "next_label": "TAKE IMAGE OF RDT",
    "fields": [
      {
        "key": "countdown_timer_results_ready",
        "openmrs_entity_parent": "",
        "openmrs_entity": "",
        "openmrs_entity_id": "timer",
        "type": "countdown_timer",
        "label": "Read results within 10 minutes.",
        "label_text_size": "8sp",
        "label_text_color": "#4b4b4b",
        "countdown_time_unit": "minutes",
        "countdown_time_value": "10",
        "countdown_interval": "1",
        "progressbar_background_color": "#e2e2e2",
        "progressbar_color": "#3EBB22",
        "progressbar_text_color": "#505050"
      }
    ]
  },
  "step15": {
    "title": "Carestart RDT",
    "next": "step16",
    "display_back_button": "true",
    "bottom_navigation": "true",
    "bottom_navigation_orientation": "vertical",
    "next_label": "TAKE IMAGE OF RDT",
    "fields": [
      {
        "key": "lbl_conduct_carestart",
        "type": "label",
        "text_color": "#000000",
        "text_size": "10sp",
        "top_margin": "15dp",
        "has_bg": true,
        "bg_color": "#ffffff",
        "text": "Conduct Carestart RDT"
      },
      {
        "key": "lbl_conduct_carestart",
        "type": "label",
        "text_color": "#000000",
        "text_size": "10sp",
        "top_margin": "15dp",
        "has_bg": true,
        "bg_color": "#ffffff",
        "text": "Take image of RDT once test is complete"
      }
    ]
  },
  "step16": {
    "title": "RDT",
    "next": "step17",
    "display_back_button": "true",
    "fields": [
      {
        "key": "rdt_capture",
        "openmrs_entity_parent": "",
        "openmrs_entity": "",
        "openmrs_entity_id": "",
        "type": "rdt_capture"
      },
      {
        "key": "rdt_capture_control_result",
        "openmrs_entity_parent": "",
        "openmrs_entity": "",
        "openmrs_entity_id": "",
        "type": "hidden"
      },
      {
        "key": "rdt_capture_pv_result",
        "openmrs_entity_parent": "",
        "openmrs_entity": "",
        "openmrs_entity_id": "",
        "type": "hidden"
      },
      {
        "key": "rdt_capture_pf_result",
        "openmrs_entity_parent": "",
        "openmrs_entity": "",
        "openmrs_entity_id": "",
        "type": "hidden"
      },
      {
        "key": "rdt_capture_duration",
        "openmrs_entity_parent": "",
        "openmrs_entity": "",
        "openmrs_entity_id": "",
        "type": "hidden"
      },
      {
        "key": "rdt_type",
        "openmrs_entity_parent": "",
        "openmrs_entity": "",
        "openmrs_entity_id": "",
        "type": "hidden"
      },
      {
        "key": "flash_on",
        "openmrs_entity_parent": "",
        "openmrs_entity": "",
        "openmrs_entity_id": "",
        "type": "hidden"
      },
      {
        "key": "cassette_boundary",
        "openmrs_entity_parent": "",
        "openmrs_entity": "",
        "openmrs_entity_id": "",
        "type": "hidden"
      },
      {
        "key": "cropped_img_id",
        "openmrs_entity_parent": "",
        "openmrs_entity": "",
        "openmrs_entity_id": "",
        "type": "hidden"
      },
      {
        "key": "time_img_saved",
        "openmrs_entity_parent": "",
        "openmrs_entity": "",
        "openmrs_entity_id": "",
        "type": "hidden"
      },
      {
        "key": "is_manual_capture",
        "openmrs_entity_parent": "",
        "openmrs_entity": "",
        "openmrs_entity_id": "",
        "type": "hidden"
      }
    ]
  },
  "step17": {
    "title": "RDT Test Result",
    "display_back_button": "true",
    "bottom_navigation": "true",
    "bottom_navigation_orientation": "vertical",
    "next_label": "SAVE RDT RESULT",
    "next": "step18",
    "fields": [
      {
        "key": "chw_result",
        "openmrs_entity_parent": "",
        "openmrs_entity": "",
        "openmrs_entity_id": "",
        "type": "native_radio",
        "label": "Select RDT reader result",
        "options": [
          {
            "key": "positive",
            "text": "positive"
          },
          {
            "key": "negative",
            "text": "negative"
          },
          {
            "key": "invalid",
            "text": "invalid"
          }
        ],
        "v_required": {
          "value": "true",
          "err": "Please select the RDT reader result"
        }
      },
      {
        "key": "parasite_type",
        "label": "Positive for:",
        "type": "check_box",
        "openmrs_entity_parent": "",
        "openmrs_entity": "",
        "openmrs_entity_id": "",
        "combine_checkbox_option_values": true,
        "options": [
          {
            "key": "pv_positive",
            "text": "pv",
            "value": false
          },
          {
            "key": "pf_positive",
            "text": "pf",
            "value": false
          }
        ],
        "v_required": {
          "value": true,
          "err": "Please specify if positive for pv, pf or both"
        },
        "relevance": {
          "step17:chw_result": {
            "type": "string",
            "ex": "equalTo(., \"positive\")"
          }
        }
      }
    ]
  },
  "step18": {
    "title": "Confirm Labels",
    "display_back_button": "true",
    "next": "step19",
    "bottom_navigation": "true",
    "bottom_navigation_orientation": "vertical",
    "next_label": "CONFIRM",
    "fields": [
      {
        "key": "lbl_confirm_labels",
        "type": "label",
        "text_color": "#000000",
        "text_size": "10sp",
        "top_margin": "15dp",
        "has_bg": true,
        "bg_color": "#ffffff",
        "label_text_style": "bold",
        "text": "Ensure Microscopy slide, Bloodspot and RDT labels are"
      },
      {
        "key": "lbl_rdt_id",
        "type": "label",
        "text_color": "#000000",
        "text_size": "12sp",
        "top_margin": "15dp",
        "has_bg": true,
        "bg_color": "#ffffff",
        "label_text_style": "bold"
      }
    ]
  },
  "step19": {
    "title": "Sterile Storage",
    "display_back_button": "true",
    "bottom_navigation": "true",
    "bottom_navigation_orientation": "vertical",
    "next_type": "submit",
    "submit_label": "END TEST",
    "fields": [
      {
        "key": "lbl_confirm_labels",
        "type": "label",
        "text_color": "#000000",
        "text_size": "10sp",
        "top_margin": "15dp",
        "has_bg": true,
        "bg_color": "#ffffff",
        "text": "Place RDT, Blood spot and Microscopy slide in a provided Sterile Storage and affix"
      },
      {
        "key": "lbl_rdt_id",
        "type": "label",
        "text_color": "#000000",
        "text_size": "12sp",
        "top_margin": "15dp",
        "has_bg": true,
        "bg_color": "#ffffff",
        "label_text_style": "bold"
      }
    ]
  },
  "step20": {
    "title": "Scan RDT timed out",
    "next": "step7",
    "display_back_button": "true",
    "bottom_navigation": "true",
    "bottom_navigation_orientation": "vertical",
    "next_label": "CONTINUE TO RECORD RDT ID",
    "fields": [
      {
        "key": "lbl_record_expiration_date",
        "type": "label",
        "text": "Record expiration date manually",
        "text_color": "#000000",
        "text_size": "9sp",
        "top_margin": "15dp",
        "has_bg": true,
        "bg_color": "#ffffff",
        "bottom_margin": "50dp"
      },
      {
        "key": "manual_expiration_date",
        "type": "date_picker",
        "openmrs_entity_parent": "",
        "openmrs_entity": "",
        "openmrs_entity_id": "",
        "hint": "Expiration date",
        "v_required": {
          "value": true,
          "err": "Please specify the expiration date"
        }
      }
    ]
  }
}